-- I am using bit.io for this question

----please make sure starting with a new database or delete all exsiting tables before running this SQL code
create table account(
    owner_user_id varchar not null unique,
    owner_name varchar,
    email varchar,
    user_address varchar,
    age int default 0,
    is_vid_creator bool default False,

    primary key (owner_user_id)

);


create table channel(
    channel_id varchar not null unique,
    channel_name varchar not null,
    owner_user_id varchar not null,
    creation_date date not null,
    total_sub int default 0,
    primary key (channel_id),
    foreign key (owner_user_id) references account on update cascade

);

create table sub_record(
    subscriber_id varchar not null,
    channel_id varchar not null,
    is_paid bool default false,
    primary key (subscriber_id,channel_id),
    foreign key (channel_id) references channel on update cascade,
    foreign key (subscriber_id) references account on delete cascade

);

-------finish create table----------
insert into account values('xhtjftjx', 'Jack Stroll', 'bpms@jjn.com', '4212 N 3 San Diego', 56 ,'True');
insert into account values('rdvkeghw', 'Vasper Swift', 'thhx@fkk.com', '4977 S 26 New York', 34,'True');
insert into account values('mlqhwryx', 'Vasper Verstappen', 'kpot@rcb.com', '3984 W 17 New Mexico', 33,'True');
insert into account values('aozicabu', 'Jack Ratum', 'bvor@zrn.com', '416 W 77 New York', 20);
insert into account values('bmenapqr', 'Pierre Stroll', 'gisp@jsr.com', '3993 S 41 Atlanta', 48);
insert into account values('xsxscpmg', 'John Zhao', 'hpsq@kem.com', '2514 S 70 San Diego', 60);
insert into account values('rvcwhdtr', 'Sebastian Hamilton', 'cnvt@juw.com', '2429 S 60 Los Angeles', 29);
insert into account values('ovbormka', 'Damian Hamilton', 'vxam@jje.com', '296 E 99 San Francisco', 42);
insert into account values('xthzahcg', 'Sebastian Jordan', 'ncrz@jqh.com', '2116 S 72 San Diego', 18);
insert into account values('nveskukf', 'Damian Stroll', 'ihor@hdq.com', '1479 S 28 San Diego', 49);
insert into account values('xkvsuenn', 'Dom Massi', 'etqe@dip.com', '3735 W 95 New York', 13);
insert into account values('sghehtsu', 'Chris Hamilton', 'gtmb@art.com', '4756 W 70 New Mexico', 50);
insert into account values('nokixbkt', 'Pierre Ratum', 'rxhi@ena.com', '2989 S 97 Atlanta', 32);
insert into account values('ubbqxcff', 'Lance Verstappen', 'lxks@xbj.com', '3194 S 18 San Diego', 51);
insert into account values('fruiurlw', 'Dom Vettel', 'qwch@was.com', '4563 W 82 New Mexico', 52);
insert into account values('vixrtqfl', 'Pierre Harden', 'oedn@wwt.com', '4223 E 69 San Francisco', 43);
insert into account values('csmgordj', 'Vasper Loeb', 'doyu@gmg.com', '444 W 75 Los Angeles', 34);
insert into account values('ohxpyucm', 'Micheal Zhou', 'bzen@gue.com', '3784 W 31 San Diego', 44);
insert into account values('lhlkdywa', 'Sebastian Zhou', 'mkaw@tad.com', '1446 E 92 San Francisco', 54);
insert into account values('euwvwzoh', 'Dom Ratum', 'gjzb@hij.com', '3752 S 85 New York', 52);
insert into account values('tzmocwuh', 'Dom Swift', 'ynio@vzh.com', '1108 S 90 San Diego', 48);
insert into account values('mbqiecxs', 'Damian Stroll', 'otsy@rmj.com', '4546 N 28 Atlanta', 22);
insert into account values('llnzoizs', 'Dom Paul', 'mlvw@ggu.com', '674 W 74 New Mexico', 32);
insert into account values('iqfboupq', 'Pierre Massi', 'xjxl@ppq.com', '2465 E 38 New York', 26);
insert into account values('gljyktzr', 'Micheal Zhou', 'gicg@qbe.com', '2243 N 38 New Mexico', 28);
insert into account values('cyjwmqcq', 'Lewis Stroll', 'izyg@hxa.com', '584 W 99 New Mexico', 39);
insert into account values('kozuqccs', 'Pierre Loeb', 'tnxd@wie.com', '4077 E 90 Los Angeles', 32);
insert into account values('hihnjtic', 'Dom Paul', 'ijid@pkf.com', '4652 W 14 San Francisco', 17);
insert into account values('sbwtxjpk', 'Vasper Vettel', 'kahh@ukq.com', '4304 N 39 Atlanta', 29);
insert into account values('qcvemcyi', 'Vasper Zhao', 'nkvd@bdf.com', '4395 S 16 San Diego', 57);
insert into account values('xjkjuqon', 'Pierre Zhou', 'mppc@nmx.com', '4978 N 39 New Mexico', 17);
insert into account values('urncgmhk', 'Lance Verstappen', 'ejww@tvt.com', '4162 E 90 San Diego', 57);
insert into account values('kcvptqhi', 'Lewis Hamilton', 'oylw@hfa.com', '2107 N 97 Los Angeles', 29);
insert into account values('owtbgzvo', 'Jack Paul', 'zhgf@tzo.com', '3211 W 47 Atlanta', 26);
insert into account values('hvfctjsb', 'Chris Swift', 'ysdm@orj.com', '2977 E 83 San Francisco', 16);
insert into account values('vhgrzsqd', 'Micheal Hamilton', 'lxli@dgx.com', '1020 W 68 New Mexico', 25);
insert into account values('rbmuiiya', 'John Swift', 'gorm@njl.com', '1274 E 70 Los Angeles', 22);
insert into account values('djvdybwy', 'Damian Vettel', 'zxbz@uts.com', '593 N 74 San Diego', 17);
insert into account values('nsgaaroh', 'Micheal Jordan', 'hicy@pih.com', '162 E 89 San Diego', 47);
insert into account values('zfxtkfeg', 'John Ratum', 'maqa@eoa.com', '1924 W 52 San Francisco', 50);
insert into account values('icldyeuv', 'Vasper Zhou', 'emre@wyf.com', '1827 W 86 New York', 46);
insert into account values('shbwtbdr', 'Damian Hamilton', 'inaa@kuo.com', '1143 N 67 San Francisco', 45);
insert into account values('epjeffvg', 'Chris Vettel', 'fdef@xfq.com', '2105 S 91 San Diego', 33);
insert into account values('umliicqv', 'Chris Swift', 'pnax@bps.com', '2371 S 87 New Mexico', 59);
insert into account values('qnpaapga', 'Jack Ratum', 'rntx@qji.com', '1350 W 77 San Francisco', 53);
insert into account values('imueetsq', 'John Massi', 'xnjt@osd.com', '391 N 53 New Mexico', 43);
insert into account values('ykgoipfb', 'Dom Harden', 'hfgl@edb.com', '4565 S 11 San Francisco', 27);
insert into account values('lrxphfyq', 'Damian Hamilton', 'jtgg@opp.com', '3061 S 21 Los Angeles', 34);
insert into account values('wagnxhgb', 'Dom Loeb', 'pcgk@vwa.com', '319 E 5 New Mexico', 31);
insert into account values('avltgnyf', 'Vasper Zhao', 'qgvi@xlh.com', '1362 W 51 New Mexico', 55);
insert into account values('rdopenfl', 'Lance Jordan', 'agkc@chf.com', '2443 S 84 New York', 15);
insert into account values('ectunrwy', 'Dom Jordan', 'ubgi@zgq.com', '2989 S 36 San Francisco', 16);
insert into account values('yclkteot', 'Chris Zhou', 'ggsf@hik.com', '4451 W 10 San Diego', 23);
insert into account values('isqifobx', 'Micheal Vettel', 'mvnu@quf.com', '3763 W 43 Los Angeles', 39);
insert into account values('cubvwucc', 'Lewis Zhou', 'inlk@mbb.com', '1589 W 63 Atlanta', 52);
insert into account values('dnbnavrw', 'John Swift', 'pkoi@qut.com', '1144 N 90 San Diego', 13);
insert into account values('ixfxcrbs', 'Jack Massi', 'jczh@qux.com', '1430 N 55 Los Angeles', 42);
insert into account values('phuouuyt', 'Lance Jordan', 'pubf@vct.com', '4467 W 86 Los Angeles', 46);
insert into account values('dpmdjwwh', 'Lance Zhou', 'vyxv@xnt.com', '1836 E 64 San Diego', 29);
insert into account values('dlvussyi', 'Pierre Stroll', 'qikt@uis.com', '2122 N 65 New York', 12);
insert into account values('zlxsywlf', 'Sebastian Massi', 'mije@lnk.com', '1912 N 25 Atlanta', 40);
insert into account values('wjvpghjx', 'Sebastian Loeb', 'ssyw@cqs.com', '904 N 93 San Diego', 53);
insert into account values('zwidsjum', 'Micheal Zhao', 'desp@ery.com', '2534 E 35 New York', 57);
insert into account values('zeuenvcv', 'Jack Swift', 'mmov@loi.com', '3184 N 22 New Mexico', 38);
insert into account values('ndzzjbbf', 'Lance Swift', 'wxzo@fdp.com', '3517 S 20 New York', 32);
insert into account values('eowxycvq', 'Lewis Massi', 'bqcz@hqy.com', '4881 S 66 Atlanta', 32);
insert into account values('atvjytcq', 'Lewis Vettel', 'yikp@oex.com', '4862 W 63 San Diego', 31);
insert into account values('xvxamyhb', 'Dom Verstappen', 'jhfb@suf.com', '2791 E 14 New York', 42);
insert into account values('fscgrnia', 'Lewis Paul', 'tsvg@due.com', '1387 N 59 Atlanta', 14);
insert into account values('wjbiygmw', 'Sebastian Vettel', 'xacv@cnv.com', '2207 S 65 San Francisco', 18);
insert into account values('gbtuunyb', 'Damian Loeb', 'nyzd@ycg.com', '2359 S 23 San Francisco', 26);
insert into account values('sdesthlg', 'Lance Harden', 'jnfd@abr.com', '4612 S 48 New York', 26);
insert into account values('rearfwly', 'Dom Vettel', 'pieh@pcl.com', '2946 N 41 New York', 22);
insert into account values('yhzmqamg', 'Dom Vettel', 'tymz@lvk.com', '3279 E 99 New York', 13);
insert into account values('eaeadbgz', 'Dom Harden', 'thxs@dxr.com', '253 W 3 Atlanta', 19);
insert into account values('meivdnku', 'Damian Harden', 'glib@ftp.com', '3010 E 31 San Francisco', 41);
insert into account values('cymnmabe', 'Micheal Hamilton', 'ukzo@yco.com', '3091 E 5 Atlanta', 51);
insert into account values('tiugmcnj', 'Lewis Loeb', 'zpae@yur.com', '476 S 70 Los Angeles', 54);
insert into account values('qwxxixyn', 'Pierre Jordan', 'yehy@ogf.com', '3445 S 4 Los Angeles', 57);
insert into account values('dzhwoguu', 'Micheal Zhou', 'ptic@xao.com', '2011 N 13 San Diego', 16);
insert into account values('kmpvjsto', 'Lance Stroll', 'pmro@cft.com', '2469 S 8 Los Angeles', 22);
insert into account values('oskyzqpw', 'Pierre Ratum', 'ftuq@utt.com', '2032 W 64 Atlanta', 18);
insert into account values('kawgioth', 'Jack Jordan', 'epdk@dbl.com', '2498 W 55 New Mexico', 29);
insert into account values('grtkcdqp', 'Lance Zhou', 'tkzv@yjy.com', '4636 W 67 San Diego', 32);
insert into account values('hqwhhijb', 'Micheal Massi', 'podb@utw.com', '1577 N 54 New York', 34);
insert into account values('dhaekmcx', 'Chris Zhou', 'gric@jjc.com', '3954 N 19 San Diego', 49);
insert into account values('hsdxzlhf', 'Dom Massi', 'eoat@joi.com', '416 W 20 San Diego', 25);
insert into account values('zlilgmmu', 'Vasper Verstappen', 'wnev@glm.com', '1858 W 1 New Mexico', 48);
insert into account values('ksdnxvno', 'Chris Hamilton', 'snph@fwv.com', '576 W 79 San Diego', 33);
insert into account values('bcriqwtf', 'John Stroll', 'hfqk@ujf.com', '3497 S 62 Los Angeles', 16);
insert into account values('ydxtengq', 'Damian Zhao', 'skvh@emo.com', '2753 E 98 New Mexico', 41);
insert into account values('tjenzhdz', 'Jack Ratum', 'yoam@ljs.com', '138 E 5 Atlanta', 39);
insert into account values('hnlgodqa', 'Jack Stroll', 'kfwu@etf.com', '3366 E 13 San Diego', 15);
insert into account values('oawqkgit', 'Lewis Paul', 'fdeh@rhj.com', '797 E 61 New Mexico', 30);
insert into account values('kfqbavan', 'Lance Massi', 'hdxo@wca.com', '4253 S 96 Atlanta', 50);
insert into account values('ybldepqh', 'Jack Zhou', 'tvhy@lhn.com', '346 N 1 Atlanta', 56);
insert into account values('mlyjjrhc', 'Dom Stroll', 'obuq@jzh.com', '2700 W 57 New York', 59);
insert into account values('zucawqbr', 'Jack Zhou', 'hlae@bqj.com', '2067 S 81 Los Angeles', 60);
insert into account values('jubbpplz', 'Jack Paul', 'evlh@dpi.com', '1253 W 18 San Diego', 21);
insert into account values('dpnveoru', 'Vasper Harden', 'lcnu@ids.com', '3310 N 1 Atlanta', 47);
insert into account values('auhsybbm', 'Sebastian Jordan', 'gjqh@zbl.com', '2817 E 33 San Francisco', 26);
insert into account values('zjjtcqmo', 'Sebastian Jordan', 'rqeg@gpc.com', '3161 W 40 New Mexico', 48);
insert into account values('oyotfrpp', 'Micheal Harden', 'hksu@rgu.com', '3494 W 66 San Diego', 38);
insert into account values('roplvnyz', 'Chris Harden', 'epjz@jxc.com', '4530 S 13 New Mexico', 44);
insert into account values('ckvmcvvc', 'Damian Hamilton', 'rbwb@aqs.com', '4803 W 36 New York', 17);
insert into account values('ickrnpkr', 'Vasper Ratum', 'wpbw@hum.com', '539 S 8 Los Angeles', 28);
insert into account values('tfkndcac', 'Chris Vettel', 'wvci@jan.com', '3283 E 98 Atlanta', 46);
insert into account values('crrbuhui', 'Damian Verstappen', 'wqll@rof.com', '3684 N 66 Atlanta', 14);
insert into account values('fkwglcpx', 'Dom Hamilton', 'yxdi@cpc.com', '132 N 78 New York', 57);
insert into account values('fxkxmwkz', 'Damian Verstappen', 'ttbg@dde.com', '1446 W 28 Los Angeles', 41);
insert into account values('sntvwing', 'Jack Jordan', 'plcj@vkm.com', '3504 W 84 San Diego', 17);
insert into account values('abdjmnip', 'Chris Vettel', 'ncnw@xrs.com', '735 S 60 Atlanta', 56);
insert into account values('wtnljsii', 'Micheal Harden', 'gtvo@rtq.com', '2582 E 56 Los Angeles', 35);
insert into account values('mqfaakmt', 'Damian Hamilton', 'uymw@hom.com', '1204 N 55 San Diego', 59);
insert into account values('ilfltadm', 'Jack Zhao', 'dqxj@bmg.com', '1845 E 45 New Mexico', 25);
insert into account values('jdkunzat', 'Damian Jordan', 'vptc@twi.com', '3854 E 28 Los Angeles', 33);
insert into account values('jijponsn', 'Lewis Hamilton', 'gnce@hre.com', '1294 N 3 San Diego', 37);
insert into account values('mxyvihpg', 'Micheal Hamilton', 'cnxg@jtd.com', '1893 W 1 Atlanta', 42);
insert into account values('gzcxhmkl', 'Sebastian Loeb', 'pcxh@aej.com', '3955 W 5 San Francisco', 23);
insert into account values('vsvuleii', 'Micheal Massi', 'lqrk@jok.com', '637 E 89 San Diego', 49);
insert into account values('ztbuxzrv', 'Damian Ratum', 'punn@qml.com', '350 E 90 New Mexico', 18);
insert into account values('nyjtzohv', 'Lewis Verstappen', 'ocwg@lpw.com', '3977 W 41 San Francisco', 44);
insert into account values('fhkabhoa', 'Pierre Hamilton', 'dtba@kmx.com', '1068 W 8 Atlanta', 28);
insert into account values('gerbawvo', 'Damian Paul', 'zkrm@uwh.com', '2833 S 45 New Mexico', 48);
insert into account values('ztyxtovx', 'Vasper Stroll', 'fyqw@vvh.com', '2308 E 54 Los Angeles', 40);
insert into account values('yehugboo', 'John Zhao', 'vwip@hnc.com', '1534 S 23 San Francisco', 20);
insert into account values('umnalron', 'Lance Verstappen', 'msds@exh.com', '907 E 81 San Diego', 46);
insert into account values('jdjjfpqv', 'Lance Hamilton', 'ksax@lvd.com', '3073 S 74 Los Angeles', 18);
insert into account values('hvxslgvg', 'Pierre Ratum', 'klry@fxe.com', '1264 S 97 Atlanta', 55);
insert into account values('sbtcndcy', 'Chris Hamilton', 'rfdc@hez.com', '1306 W 93 New York', 48);
insert into account values('zllgvhsv', 'Damian Ratum', 'kthc@zum.com', '4256 S 99 Los Angeles', 30);
insert into account values('jcqmpcom', 'Sebastian Jordan', 'osld@jcl.com', '3310 E 85 New York', 21);
insert into account values('kuyeqkiu', 'Damian Harden', 'fjol@bme.com', '4667 S 90 Atlanta', 41);
insert into account values('jyvkouyy', 'Lewis Massi', 'wzew@gls.com', '1358 W 14 Los Angeles', 59);
insert into account values('evdqhogm', 'Dom Swift', 'ewui@yus.com', '539 E 67 Atlanta', 37);
insert into account values('ntqpxjdg', 'Dom Ratum', 'olfc@axh.com', '2437 N 86 San Diego', 12);
insert into account values('aihyobdb', 'Damian Ratum', 'sqdq@vio.com', '882 E 11 Atlanta', 13);
insert into account values('yulqgqzf', 'Jack Vettel', 'suaq@ffq.com', '2261 E 13 Atlanta', 15);
insert into account values('huvkxpyu', 'John Jordan', 'mzpd@otk.com', '4023 N 36 New York', 59);
insert into account values('leranczd', 'John Loeb', 'nzlu@goq.com', '4747 E 52 Los Angeles', 50);
insert into account values('vccxempz', 'Lance Zhao', 'udfw@int.com', '4836 N 35 San Diego', 16);
insert into account values('noxtsilr', 'Dom Ratum', 'smio@xon.com', '1070 N 54 New Mexico', 18);
insert into account values('zwhateqd', 'Lance Swift', 'jiqv@nwt.com', '3566 N 2 New York', 41);
insert into account values('chsaccnr', 'Pierre Stroll', 'xpzk@hlq.com', '1396 N 70 Atlanta', 14);
insert into account values('qmtdhsyo', 'Vasper Paul', 'zuvc@doq.com', '208 W 72 Atlanta', 21);
insert into account values('bekkqlin', 'Micheal Paul', 'cppg@dqi.com', '4054 E 74 New York', 40);
insert into account values('imqsstwy', 'Jack Verstappen', 'royv@ssi.com', '4237 N 50 San Diego', 29);
insert into account values('qefdsqrl', 'Lewis Massi', 'nnwl@gbe.com', '1847 N 15 New York', 56);
insert into account values('osdadqmv', 'Sebastian Zhou', 'kkju@dhe.com', '4167 S 53 New Mexico', 46);
insert into account values('mlnkyzqn', 'Jack Stroll', 'umrz@rfj.com', '380 W 26 Atlanta', 40);
insert into account values('ojwbbhsi', 'Jack Jordan', 'vway@zbw.com', '2170 N 38 San Francisco', 59);
insert into account values('xlzdonix', 'Micheal Vettel', 'mtul@nfl.com', '3936 N 39 New Mexico', 18);
insert into account values('awubrnea', 'Sebastian Loeb', 'odek@isf.com', '4385 W 53 San Diego', 48);
insert into account values('rkpdxvbu', 'Sebastian Loeb', 'dquq@bsu.com', '3089 S 90 Atlanta', 47);
insert into account values('gxilhvum', 'John Harden', 'intg@wxs.com', '2510 W 61 New Mexico', 33);
insert into account values('ewgpifha', 'Lance Massi', 'zdnn@bie.com', '4299 E 32 San Francisco', 14);
insert into account values('mdpihdxf', 'Micheal Loeb', 'enbp@qld.com', '4907 S 68 New Mexico', 55);
insert into account values('uekdvgcv', 'Jack Verstappen', 'ijlv@gme.com', '4165 W 53 Atlanta', 40);
insert into account values('yfhlmyzh', 'Lewis Loeb', 'lqac@lzv.com', '2589 S 75 Los Angeles', 51);
insert into account values('mnepwtcj', 'Micheal Harden', 'duif@ekk.com', '4681 W 31 New Mexico', 38);
insert into account values('dkgkdcay', 'John Loeb', 'rlbr@bvk.com', '2874 E 95 Los Angeles', 51);
insert into account values('cbjplrwl', 'Dom Zhou', 'brcu@cgn.com', '3168 E 76 Atlanta', 45);
insert into account values('xinwmtlj', 'Lewis Paul', 'bkuc@zlv.com', '2993 N 23 New York', 21);
insert into account values('kziqfomt', 'John Ratum', 'sdxn@egw.com', '2755 S 14 San Francisco', 58);
insert into account values('pgfuzqsy', 'Sebastian Swift', 'pmlr@vrz.com', '1982 N 69 New Mexico', 24);
insert into account values('otikuana', 'Damian Verstappen', 'vttp@gqh.com', '3114 E 77 San Francisco', 56);
insert into account values('qzxuoohd', 'Damian Ratum', 'prip@wah.com', '97 E 31 San Francisco', 35);
insert into account values('rrwrekry', 'Lance Massi', 'ndvj@lzg.com', '2063 E 2 San Francisco', 32);
insert into account values('yrpfejom', 'Vasper Massi', 'edbu@ekj.com', '4512 S 57 San Francisco', 52);
insert into account values('aiwxngot', 'Damian Paul', 'uezd@wfw.com', '2825 W 38 San Francisco', 60);
insert into account values('pupufrjp', 'Chris Zhou', 'orsg@mav.com', '3218 W 77 Los Angeles', 55);
insert into account values('ljmxunqz', 'Lance Zhou', 'wwhc@gam.com', '1178 S 25 San Diego', 28);
insert into account values('nktuuxgd', 'Sebastian Jordan', 'zxxi@fbr.com', '1690 E 90 New Mexico', 30);
insert into account values('ahnodcqt', 'Dom Ratum', 'vkeq@iyi.com', '2860 E 35 New Mexico', 60);
insert into account values('bqzsffzv', 'Lance Stroll', 'gjgg@uoe.com', '2147 W 50 Atlanta', 34);
insert into account values('ukezjvlj', 'Chris Massi', 'jmgu@uls.com', '1510 E 33 New York', 33);
insert into account values('ypnkagua', 'Lance Ratum', 'nbdq@kvi.com', '3936 N 32 San Francisco', 42);
insert into account values('jojxjeal', 'Damian Massi', 'zrwh@hwz.com', '3243 E 38 San Francisco', 44);
insert into account values('wyrxyimb', 'Lewis Zhou', 'mkte@kqg.com', '935 W 33 Atlanta', 30);
insert into account values('mgxcvxrh', 'Lewis Hamilton', 'uhti@vkq.com', '3744 W 65 Los Angeles', 56);
insert into account values('ombapidj', 'Pierre Ratum', 'gokf@cgw.com', '780 E 80 New Mexico', 50);
insert into account values('rpuhwdee', 'Pierre Verstappen', 'oaey@bzt.com', '2657 E 22 Los Angeles', 60);
insert into account values('jsonpvbg', 'Lewis Verstappen', 'bxkd@zlw.com', '3622 W 24 Los Angeles', 49);
insert into account values('ukpjnbdx', 'Vasper Hamilton', 'zwid@hkz.com', '584 N 59 New York', 49);
insert into account values('cvoitezu', 'Micheal Stroll', 'bziy@lcy.com', '1548 N 31 New York', 56);
insert into account values('nlaijkoa', 'Chris Vettel', 'tggm@syn.com', '2607 S 28 New Mexico', 27);
insert into account values('bqsrtqkb', 'Chris Hamilton', 'tyqy@wnv.com', '4411 N 23 San Diego', 15);
insert into account values('qekrljqv', 'Lewis Jordan', 'jhte@kuy.com', '3720 S 23 San Diego', 52);
insert into account values('fgsdgoew', 'Micheal Zhou', 'froi@gnb.com', '225 W 15 San Diego', 48);
insert into account values('etvdiamy', 'Jack Loeb', 'brdv@llb.com', '97 N 8 Atlanta', 34);
insert into account values('lgatgkxa', 'Micheal Vettel', 'niem@tub.com', '2854 E 7 New Mexico', 52);
insert into account values('kkucnegp', 'Pierre Hamilton', 'wtbl@fsx.com', '684 S 71 Atlanta', 44);
insert into account values('xvjojjby', 'Chris Hamilton', 'ehii@bgr.com', '2832 N 26 New Mexico', 50);
insert into account values('xinrrkdq', 'Lance Loeb', 'ncyq@dgn.com', '3490 S 84 New York', 19);
insert into account values('svslyskh', 'Dom Paul', 'hkjy@oyq.com', '887 N 18 San Francisco', 57);
insert into account values('kynauayd', 'Jack Jordan', 'sqer@cyx.com', '3527 S 4 Los Angeles', 46);
insert into account values('owayiphx', 'Dom Verstappen', 'hvch@jzt.com', '1851 E 69 New Mexico', 56);
insert into account values('qiksmfos', 'Sebastian Stroll', 'pkxd@iif.com', '3801 W 70 New Mexico', 50);
insert into account values('ffuttjfy', 'Lewis Vettel', 'lpiq@qfo.com', '1388 W 53 Los Angeles', 13);
insert into account values('nughjyru', 'Micheal Zhao', 'cfmn@gys.com', '1809 E 38 San Francisco', 50);


----------finish inserting user into account table

insert into channel values('asdfaosidf','1st channel','xhtjftjx','2023-01-01',135);
insert into channel values('sadfoiaspd','2nd channel','xhtjftjx','2023-01-01',167);
insert into channel values('rqiwoeienc','3th channel','rdvkeghw','2023-01-01',10);
insert into channel values('rqtxuxbenc','4th channel','rdvkeghw','2023-01-01',175);
insert into channel values('acmzxvh9ia','Ca channel','mlqhwryx','2023-01-01',186);
insert into channel values('qeirgudfna','Saty channel','mlqhwryx','2023-01-09',131);


-------------finish inserting channel-----------------

insert into sub_record values('vccxempz', 'asdfaosidf', 'True');
insert into sub_record values('kynauayd', 'asdfaosidf', 'False');
insert into sub_record values('mlyjjrhc', 'asdfaosidf', 'True');
insert into sub_record values('isqifobx', 'asdfaosidf', 'True');
insert into sub_record values('kcvptqhi', 'asdfaosidf', 'True');
insert into sub_record values('yhzmqamg', 'asdfaosidf', 'True');
insert into sub_record values('dkgkdcay', 'asdfaosidf', 'False');
insert into sub_record values('sbwtxjpk', 'asdfaosidf', 'True');
insert into sub_record values('ixfxcrbs', 'asdfaosidf', 'True');
insert into sub_record values('ybldepqh', 'asdfaosidf', 'True');
insert into sub_record values('awubrnea', 'asdfaosidf', 'False');
insert into sub_record values('zjjtcqmo', 'asdfaosidf', 'True');
insert into sub_record values('roplvnyz', 'asdfaosidf', 'True');
insert into sub_record values('qefdsqrl', 'asdfaosidf', 'True');
insert into sub_record values('avltgnyf', 'asdfaosidf', 'True');
insert into sub_record values('zlilgmmu', 'asdfaosidf', 'False');
insert into sub_record values('lhlkdywa', 'asdfaosidf', 'True');
insert into sub_record values('cymnmabe', 'asdfaosidf', 'False');
insert into sub_record values('kuyeqkiu', 'asdfaosidf', 'False');
insert into sub_record values('fxkxmwkz', 'asdfaosidf', 'True');
insert into sub_record values('mbqiecxs', 'asdfaosidf', 'True');
insert into sub_record values('cubvwucc', 'asdfaosidf', 'True');
insert into sub_record values('icldyeuv', 'asdfaosidf', 'True');
insert into sub_record values('aozicabu', 'asdfaosidf', 'True');
insert into sub_record values('nokixbkt', 'asdfaosidf', 'False');
insert into sub_record values('kfqbavan', 'asdfaosidf', 'True');
insert into sub_record values('iqfboupq', 'asdfaosidf', 'True');
insert into sub_record values('yclkteot', 'asdfaosidf', 'True');
insert into sub_record values('rdvkeghw', 'asdfaosidf', 'True');
insert into sub_record values('dnbnavrw', 'asdfaosidf', 'True');
insert into sub_record values('owayiphx', 'asdfaosidf', 'False');
insert into sub_record values('etvdiamy', 'asdfaosidf', 'True');
insert into sub_record values('fruiurlw', 'asdfaosidf', 'False');
insert into sub_record values('dhaekmcx', 'asdfaosidf', 'True');
insert into sub_record values('csmgordj', 'asdfaosidf', 'True');
insert into sub_record values('qnpaapga', 'asdfaosidf', 'True');
insert into sub_record values('ojwbbhsi', 'asdfaosidf', 'True');
insert into sub_record values('ksdnxvno', 'asdfaosidf', 'True');
insert into sub_record values('epjeffvg', 'asdfaosidf', 'False');
insert into sub_record values('cvoitezu', 'asdfaosidf', 'True');
insert into sub_record values('jijponsn', 'asdfaosidf', 'False');
insert into sub_record values('mnepwtcj', 'asdfaosidf', 'True');
insert into sub_record values('fkwglcpx', 'asdfaosidf', 'False');
insert into sub_record values('kozuqccs', 'asdfaosidf', 'False');
insert into sub_record values('mdpihdxf', 'asdfaosidf', 'True');
insert into sub_record values('rrwrekry', 'asdfaosidf', 'True');
insert into sub_record values('umliicqv', 'asdfaosidf', 'False');
insert into sub_record values('wagnxhgb', 'asdfaosidf', 'True');
insert into sub_record values('nughjyru', 'asdfaosidf', 'True');
insert into sub_record values('gljyktzr', 'asdfaosidf', 'True');
insert into sub_record values('xsxscpmg', 'asdfaosidf', 'False');
insert into sub_record values('mlqhwryx', 'asdfaosidf', 'True');
insert into sub_record values('rvcwhdtr', 'asdfaosidf', 'False');
insert into sub_record values('bmenapqr', 'asdfaosidf', 'True');
insert into sub_record values('zwhateqd', 'asdfaosidf', 'True');
insert into sub_record values('noxtsilr', 'asdfaosidf', 'True');
insert into sub_record values('xvjojjby', 'asdfaosidf', 'True');
insert into sub_record values('grtkcdqp', 'asdfaosidf', 'True');
insert into sub_record values('ombapidj', 'asdfaosidf', 'False');
insert into sub_record values('wyrxyimb', 'asdfaosidf', 'False');
insert into sub_record values('hqwhhijb', 'asdfaosidf', 'False');
insert into sub_record values('djvdybwy', 'asdfaosidf', 'False');
insert into sub_record values('nsgaaroh', 'asdfaosidf', 'True');
insert into sub_record values('xinwmtlj', 'asdfaosidf', 'True');
insert into sub_record values('nyjtzohv', 'asdfaosidf', 'True');
insert into sub_record values('qiksmfos', 'asdfaosidf', 'True');
insert into sub_record values('imqsstwy', 'asdfaosidf', 'False');
insert into sub_record values('hnlgodqa', 'asdfaosidf', 'False');
insert into sub_record values('vixrtqfl', 'asdfaosidf', 'True');
insert into sub_record values('lgatgkxa', 'asdfaosidf', 'True');
insert into sub_record values('zfxtkfeg', 'asdfaosidf', 'True');
insert into sub_record values('owtbgzvo', 'asdfaosidf', 'True');
insert into sub_record values('yfhlmyzh', 'asdfaosidf', 'True');
insert into sub_record values('urncgmhk', 'asdfaosidf', 'True');
insert into sub_record values('ukpjnbdx', 'asdfaosidf', 'True');
insert into sub_record values('aihyobdb', 'asdfaosidf', 'False');
insert into sub_record values('phuouuyt', 'asdfaosidf', 'False');
insert into sub_record values('zwidsjum', 'asdfaosidf', 'True');
insert into sub_record values('yrpfejom', 'asdfaosidf', 'True');
insert into sub_record values('jdjjfpqv', 'asdfaosidf', 'True');
insert into sub_record values('xhtjftjx', 'asdfaosidf', 'True');
insert into sub_record values('jdkunzat', 'asdfaosidf', 'True');
insert into sub_record values('kkucnegp', 'asdfaosidf', 'True');
insert into sub_record values('bqsrtqkb', 'asdfaosidf', 'True');
insert into sub_record values('meivdnku', 'asdfaosidf', 'True');
insert into sub_record values('fscgrnia', 'asdfaosidf', 'True');
insert into sub_record values('xthzahcg', 'asdfaosidf', 'True');
insert into sub_record values('eowxycvq', 'asdfaosidf', 'False');
insert into sub_record values('fgsdgoew', 'asdfaosidf', 'True');
insert into sub_record values('zeuenvcv', 'asdfaosidf', 'True');
insert into sub_record values('svslyskh', 'asdfaosidf', 'True');
insert into sub_record values('xkvsuenn', 'asdfaosidf', 'True');
insert into sub_record values('evdqhogm', 'asdfaosidf', 'False');
insert into sub_record values('rkpdxvbu', 'asdfaosidf', 'True');
insert into sub_record values('rearfwly', 'asdfaosidf', 'True');
insert into sub_record values('wtnljsii', 'asdfaosidf', 'True');
insert into sub_record values('hsdxzlhf', 'asdfaosidf', 'True');
insert into sub_record values('abdjmnip', 'asdfaosidf', 'True');
insert into sub_record values('imueetsq', 'asdfaosidf', 'True');
insert into sub_record values('yehugboo', 'asdfaosidf', 'False');
insert into sub_record values('yulqgqzf', 'asdfaosidf', 'True');
insert into sub_record values('sbtcndcy', 'asdfaosidf', 'True');
insert into sub_record values('aiwxngot', 'asdfaosidf', 'True');
insert into sub_record values('tfkndcac', 'asdfaosidf', 'True');
insert into sub_record values('ypnkagua', 'asdfaosidf', 'True');
insert into sub_record values('otikuana', 'asdfaosidf', 'True');
insert into sub_record values('zllgvhsv', 'asdfaosidf', 'True');
insert into sub_record values('qmtdhsyo', 'asdfaosidf', 'False');
insert into sub_record values('qcvemcyi', 'asdfaosidf', 'True');
insert into sub_record values('wjbiygmw', 'asdfaosidf', 'True');
insert into sub_record values('nveskukf', 'asdfaosidf', 'True');
insert into sub_record values('ectunrwy', 'asdfaosidf', 'True');
insert into sub_record values('chsaccnr', 'asdfaosidf', 'True');
insert into sub_record values('hvxslgvg', 'asdfaosidf', 'True');
insert into sub_record values('ewgpifha', 'asdfaosidf', 'True');
insert into sub_record values('jcqmpcom', 'asdfaosidf', 'True');
insert into sub_record values('ztyxtovx', 'asdfaosidf', 'True');
insert into sub_record values('pupufrjp', 'asdfaosidf', 'True');
insert into sub_record values('ickrnpkr', 'asdfaosidf', 'True');
insert into sub_record values('cbjplrwl', 'asdfaosidf', 'True');
insert into sub_record values('rdopenfl', 'asdfaosidf', 'True');
insert into sub_record values('oyotfrpp', 'asdfaosidf', 'True');
insert into sub_record values('pgfuzqsy', 'asdfaosidf', 'True');
insert into sub_record values('wjvpghjx', 'asdfaosidf', 'False');
insert into sub_record values('ckvmcvvc', 'asdfaosidf', 'True');
insert into sub_record values('umnalron', 'asdfaosidf', 'False');
insert into sub_record values('ovbormka', 'asdfaosidf', 'False');
insert into sub_record values('eaeadbgz', 'asdfaosidf', 'False');
insert into sub_record values('crrbuhui', 'asdfaosidf', 'False');
insert into sub_record values('auhsybbm', 'asdfaosidf', 'True');
insert into sub_record values('jojxjeal', 'asdfaosidf', 'False');
insert into sub_record values('ohxpyucm', 'asdfaosidf', 'True');
insert into sub_record values('oawqkgit', 'asdfaosidf', 'True');
insert into sub_record values('atvjytcq', 'asdfaosidf', 'True');
insert into sub_record values('gbtuunyb', 'asdfaosidf', 'True');
insert into sub_record values('xvxamyhb', 'sadfoiaspd', 'True');
insert into sub_record values('pupufrjp', 'sadfoiaspd', 'True');
insert into sub_record values('mdpihdxf', 'sadfoiaspd', 'True');
insert into sub_record values('ypnkagua', 'sadfoiaspd', 'True');
insert into sub_record values('mxyvihpg', 'sadfoiaspd', 'False');
insert into sub_record values('hnlgodqa', 'sadfoiaspd', 'False');
insert into sub_record values('wjbiygmw', 'sadfoiaspd', 'True');
insert into sub_record values('ndzzjbbf', 'sadfoiaspd', 'True');
insert into sub_record values('lgatgkxa', 'sadfoiaspd', 'False');
insert into sub_record values('grtkcdqp', 'sadfoiaspd', 'False');
insert into sub_record values('zlilgmmu', 'sadfoiaspd', 'True');
insert into sub_record values('yclkteot', 'sadfoiaspd', 'True');
insert into sub_record values('tzmocwuh', 'sadfoiaspd', 'True');
insert into sub_record values('bcriqwtf', 'sadfoiaspd', 'True');
insert into sub_record values('iqfboupq', 'sadfoiaspd', 'False');
insert into sub_record values('umliicqv', 'sadfoiaspd', 'True');
insert into sub_record values('jdjjfpqv', 'sadfoiaspd', 'True');
insert into sub_record values('hsdxzlhf', 'sadfoiaspd', 'False');
insert into sub_record values('zlxsywlf', 'sadfoiaspd', 'True');
insert into sub_record values('cymnmabe', 'sadfoiaspd', 'True');
insert into sub_record values('jdkunzat', 'sadfoiaspd', 'True');
insert into sub_record values('kuyeqkiu', 'sadfoiaspd', 'True');
insert into sub_record values('sghehtsu', 'sadfoiaspd', 'True');
insert into sub_record values('awubrnea', 'sadfoiaspd', 'True');
insert into sub_record values('jsonpvbg', 'sadfoiaspd', 'True');
insert into sub_record values('wjvpghjx', 'sadfoiaspd', 'True');
insert into sub_record values('fkwglcpx', 'sadfoiaspd', 'True');
insert into sub_record values('fruiurlw', 'sadfoiaspd', 'True');
insert into sub_record values('jojxjeal', 'sadfoiaspd', 'False');
insert into sub_record values('ukezjvlj', 'sadfoiaspd', 'True');
insert into sub_record values('qekrljqv', 'sadfoiaspd', 'True');
insert into sub_record values('fhkabhoa', 'sadfoiaspd', 'True');
insert into sub_record values('cyjwmqcq', 'sadfoiaspd', 'True');
insert into sub_record values('fgsdgoew', 'sadfoiaspd', 'True');
insert into sub_record values('mnepwtcj', 'sadfoiaspd', 'True');
insert into sub_record values('yulqgqzf', 'sadfoiaspd', 'False');
insert into sub_record values('zwhateqd', 'sadfoiaspd', 'True');
insert into sub_record values('mlqhwryx', 'sadfoiaspd', 'False');
insert into sub_record values('mqfaakmt', 'sadfoiaspd', 'True');
insert into sub_record values('urncgmhk', 'sadfoiaspd', 'False');
insert into sub_record values('bekkqlin', 'sadfoiaspd', 'True');
insert into sub_record values('etvdiamy', 'sadfoiaspd', 'True');
insert into sub_record values('crrbuhui', 'sadfoiaspd', 'True');
insert into sub_record values('aozicabu', 'sadfoiaspd', 'False');
insert into sub_record values('xthzahcg', 'sadfoiaspd', 'True');
insert into sub_record values('mlyjjrhc', 'sadfoiaspd', 'False');
insert into sub_record values('ntqpxjdg', 'sadfoiaspd', 'False');
insert into sub_record values('auhsybbm', 'sadfoiaspd', 'True');
insert into sub_record values('xinwmtlj', 'sadfoiaspd', 'False');
insert into sub_record values('kkucnegp', 'sadfoiaspd', 'False');
insert into sub_record values('qnpaapga', 'sadfoiaspd', 'False');
insert into sub_record values('kcvptqhi', 'sadfoiaspd', 'True');
insert into sub_record values('zllgvhsv', 'sadfoiaspd', 'True');
insert into sub_record values('nughjyru', 'sadfoiaspd', 'True');
insert into sub_record values('roplvnyz', 'sadfoiaspd', 'True');
insert into sub_record values('oyotfrpp', 'sadfoiaspd', 'True');
insert into sub_record values('qefdsqrl', 'sadfoiaspd', 'True');
insert into sub_record values('zucawqbr', 'sadfoiaspd', 'False');
insert into sub_record values('eowxycvq', 'sadfoiaspd', 'True');
insert into sub_record values('nktuuxgd', 'sadfoiaspd', 'True');
insert into sub_record values('fxkxmwkz', 'sadfoiaspd', 'True');
insert into sub_record values('dpmdjwwh', 'sadfoiaspd', 'False');
insert into sub_record values('ffuttjfy', 'sadfoiaspd', 'True');
insert into sub_record values('ovbormka', 'sadfoiaspd', 'False');
insert into sub_record values('qzxuoohd', 'sadfoiaspd', 'True');
insert into sub_record values('rdopenfl', 'sadfoiaspd', 'True');
insert into sub_record values('dhaekmcx', 'sadfoiaspd', 'True');
insert into sub_record values('wagnxhgb', 'sadfoiaspd', 'False');
insert into sub_record values('xsxscpmg', 'sadfoiaspd', 'False');
insert into sub_record values('bqsrtqkb', 'sadfoiaspd', 'False');
insert into sub_record values('euwvwzoh', 'sadfoiaspd', 'True');
insert into sub_record values('vccxempz', 'sadfoiaspd', 'True');
insert into sub_record values('aihyobdb', 'sadfoiaspd', 'False');
insert into sub_record values('rdvkeghw', 'sadfoiaspd', 'False');
insert into sub_record values('sntvwing', 'sadfoiaspd', 'True');
insert into sub_record values('ubbqxcff', 'sadfoiaspd', 'True');
insert into sub_record values('lhlkdywa', 'sadfoiaspd', 'False');
insert into sub_record values('ilfltadm', 'sadfoiaspd', 'True');
insert into sub_record values('qmtdhsyo', 'sadfoiaspd', 'True');
insert into sub_record values('ectunrwy', 'sadfoiaspd', 'True');
insert into sub_record values('zeuenvcv', 'sadfoiaspd', 'True');
insert into sub_record values('ztyxtovx', 'sadfoiaspd', 'True');
insert into sub_record values('ksdnxvno', 'sadfoiaspd', 'True');
insert into sub_record values('hvxslgvg', 'sadfoiaspd', 'True');
insert into sub_record values('phuouuyt', 'sadfoiaspd', 'True');
insert into sub_record values('otikuana', 'sadfoiaspd', 'True');
insert into sub_record values('dlvussyi', 'sadfoiaspd', 'True');
insert into sub_record values('nokixbkt', 'sadfoiaspd', 'True');
insert into sub_record values('jubbpplz', 'sadfoiaspd', 'True');
insert into sub_record values('shbwtbdr', 'sadfoiaspd', 'True');
insert into sub_record values('owayiphx', 'sadfoiaspd', 'True');
insert into sub_record values('tiugmcnj', 'sadfoiaspd', 'True');
insert into sub_record values('ahnodcqt', 'sadfoiaspd', 'False');
insert into sub_record values('mlnkyzqn', 'sadfoiaspd', 'True');
insert into sub_record values('kfqbavan', 'sadfoiaspd', 'True');
insert into sub_record values('ickrnpkr', 'sadfoiaspd', 'False');
insert into sub_record values('gbtuunyb', 'sadfoiaspd', 'True');
insert into sub_record values('kawgioth', 'sadfoiaspd', 'True');
insert into sub_record values('nyjtzohv', 'sadfoiaspd', 'True');
insert into sub_record values('gerbawvo', 'sadfoiaspd', 'True');
insert into sub_record values('ojwbbhsi', 'sadfoiaspd', 'False');
insert into sub_record values('llnzoizs', 'sadfoiaspd', 'False');
insert into sub_record values('svslyskh', 'sadfoiaspd', 'True');
insert into sub_record values('abdjmnip', 'sadfoiaspd', 'False');
insert into sub_record values('hqwhhijb', 'sadfoiaspd', 'False');
insert into sub_record values('fscgrnia', 'sadfoiaspd', 'True');
insert into sub_record values('leranczd', 'sadfoiaspd', 'True');
insert into sub_record values('vsvuleii', 'sadfoiaspd', 'False');
insert into sub_record values('vhgrzsqd', 'sadfoiaspd', 'True');
insert into sub_record values('icldyeuv', 'sadfoiaspd', 'True');
insert into sub_record values('noxtsilr', 'sadfoiaspd', 'True');
insert into sub_record values('rrwrekry', 'sadfoiaspd', 'True');
insert into sub_record values('kmpvjsto', 'sadfoiaspd', 'False');
insert into sub_record values('kziqfomt', 'sadfoiaspd', 'True');
insert into sub_record values('zjjtcqmo', 'sadfoiaspd', 'True');
insert into sub_record values('nveskukf', 'sadfoiaspd', 'False');
insert into sub_record values('umnalron', 'sadfoiaspd', 'True');
insert into sub_record values('oskyzqpw', 'sadfoiaspd', 'True');
insert into sub_record values('zwidsjum', 'sadfoiaspd', 'True');
insert into sub_record values('xkvsuenn', 'sadfoiaspd', 'True');
insert into sub_record values('nlaijkoa', 'sadfoiaspd', 'True');
insert into sub_record values('ombapidj', 'sadfoiaspd', 'True');
insert into sub_record values('dpnveoru', 'sadfoiaspd', 'False');
insert into sub_record values('yehugboo', 'sadfoiaspd', 'True');
insert into sub_record values('rkpdxvbu', 'sadfoiaspd', 'False');
insert into sub_record values('xvjojjby', 'sadfoiaspd', 'True');
insert into sub_record values('lrxphfyq', 'sadfoiaspd', 'True');
insert into sub_record values('ykgoipfb', 'sadfoiaspd', 'True');
insert into sub_record values('kozuqccs', 'sadfoiaspd', 'True');
insert into sub_record values('yfhlmyzh', 'sadfoiaspd', 'False');
insert into sub_record values('qwxxixyn', 'sadfoiaspd', 'True');
insert into sub_record values('zfxtkfeg', 'sadfoiaspd', 'True');
insert into sub_record values('ukpjnbdx', 'sadfoiaspd', 'True');
insert into sub_record values('meivdnku', 'sadfoiaspd', 'False');
insert into sub_record values('atvjytcq', 'sadfoiaspd', 'False');
insert into sub_record values('eaeadbgz', 'sadfoiaspd', 'True');
insert into sub_record values('tfkndcac', 'sadfoiaspd', 'True');
insert into sub_record values('rpuhwdee', 'sadfoiaspd', 'True');
insert into sub_record values('qiksmfos', 'sadfoiaspd', 'False');
insert into sub_record values('ydxtengq', 'sadfoiaspd', 'False');
insert into sub_record values('dzhwoguu', 'sadfoiaspd', 'True');
insert into sub_record values('gxilhvum', 'sadfoiaspd', 'True');
insert into sub_record values('ckvmcvvc', 'sadfoiaspd', 'True');
insert into sub_record values('cvoitezu', 'sadfoiaspd', 'True');
insert into sub_record values('xjkjuqon', 'sadfoiaspd', 'True');
insert into sub_record values('sdesthlg', 'sadfoiaspd', 'True');
insert into sub_record values('rbmuiiya', 'sadfoiaspd', 'False');
insert into sub_record values('epjeffvg', 'sadfoiaspd', 'True');
insert into sub_record values('xlzdonix', 'sadfoiaspd', 'False');
insert into sub_record values('rearfwly', 'sadfoiaspd', 'True');
insert into sub_record values('xhtjftjx', 'sadfoiaspd', 'True');
insert into sub_record values('jijponsn', 'sadfoiaspd', 'False');
insert into sub_record values('jcqmpcom', 'sadfoiaspd', 'True');
insert into sub_record values('owtbgzvo', 'sadfoiaspd', 'False');
insert into sub_record values('nsgaaroh', 'sadfoiaspd', 'True');
insert into sub_record values('aiwxngot', 'sadfoiaspd', 'True');
insert into sub_record values('rvcwhdtr', 'sadfoiaspd', 'True');
insert into sub_record values('vixrtqfl', 'sadfoiaspd', 'True');
insert into sub_record values('evdqhogm', 'sadfoiaspd', 'True');
insert into sub_record values('huvkxpyu', 'sadfoiaspd', 'False');
insert into sub_record values('dnbnavrw', 'sadfoiaspd', 'True');
insert into sub_record values('wyrxyimb', 'sadfoiaspd', 'True');
insert into sub_record values('imueetsq', 'sadfoiaspd', 'False');
insert into sub_record values('qcvemcyi', 'sadfoiaspd', 'True');
insert into sub_record values('hvfctjsb', 'sadfoiaspd', 'True');
insert into sub_record values('chsaccnr', 'sadfoiaspd', 'True');
insert into sub_record values('osdadqmv', 'sadfoiaspd', 'True');
insert into sub_record values('qefdsqrl', 'rqiwoeienc', 'True');
insert into sub_record values('ybldepqh', 'rqiwoeienc', 'True');
insert into sub_record values('ixfxcrbs', 'rqiwoeienc', 'True');
insert into sub_record values('mnepwtcj', 'rqiwoeienc', 'False');
insert into sub_record values('zlxsywlf', 'rqiwoeienc', 'False');
insert into sub_record values('qekrljqv', 'rqiwoeienc', 'True');
insert into sub_record values('qcvemcyi', 'rqiwoeienc', 'False');
insert into sub_record values('imueetsq', 'rqiwoeienc', 'False');
insert into sub_record values('ickrnpkr', 'rqiwoeienc', 'False');
insert into sub_record values('fkwglcpx', 'rqiwoeienc', 'True');
insert into sub_record values('dlvussyi', 'rqtxuxbenc', 'False');
insert into sub_record values('qiksmfos', 'rqtxuxbenc', 'True');
insert into sub_record values('ilfltadm', 'rqtxuxbenc', 'True');
insert into sub_record values('rearfwly', 'rqtxuxbenc', 'True');
insert into sub_record values('rbmuiiya', 'rqtxuxbenc', 'False');
insert into sub_record values('otikuana', 'rqtxuxbenc', 'True');
insert into sub_record values('ztyxtovx', 'rqtxuxbenc', 'True');
insert into sub_record values('ndzzjbbf', 'rqtxuxbenc', 'True');
insert into sub_record values('awubrnea', 'rqtxuxbenc', 'True');
insert into sub_record values('xsxscpmg', 'rqtxuxbenc', 'True');
insert into sub_record values('qekrljqv', 'rqtxuxbenc', 'True');
insert into sub_record values('hvxslgvg', 'rqtxuxbenc', 'False');
insert into sub_record values('pupufrjp', 'rqtxuxbenc', 'True');
insert into sub_record values('bqzsffzv', 'rqtxuxbenc', 'False');
insert into sub_record values('ahnodcqt', 'rqtxuxbenc', 'True');
insert into sub_record values('bqsrtqkb', 'rqtxuxbenc', 'True');
insert into sub_record values('gljyktzr', 'rqtxuxbenc', 'True');
insert into sub_record values('meivdnku', 'rqtxuxbenc', 'True');
insert into sub_record values('umnalron', 'rqtxuxbenc', 'False');
insert into sub_record values('mdpihdxf', 'rqtxuxbenc', 'True');
insert into sub_record values('qwxxixyn', 'rqtxuxbenc', 'True');
insert into sub_record values('ukezjvlj', 'rqtxuxbenc', 'False');
insert into sub_record values('xvjojjby', 'rqtxuxbenc', 'False');
insert into sub_record values('kuyeqkiu', 'rqtxuxbenc', 'False');
insert into sub_record values('lgatgkxa', 'rqtxuxbenc', 'True');
insert into sub_record values('dpmdjwwh', 'rqtxuxbenc', 'True');
insert into sub_record values('sghehtsu', 'rqtxuxbenc', 'True');
insert into sub_record values('zucawqbr', 'rqtxuxbenc', 'True');
insert into sub_record values('fscgrnia', 'rqtxuxbenc', 'False');
insert into sub_record values('owtbgzvo', 'rqtxuxbenc', 'True');
insert into sub_record values('zlilgmmu', 'rqtxuxbenc', 'True');
insert into sub_record values('kfqbavan', 'rqtxuxbenc', 'False');
insert into sub_record values('nsgaaroh', 'rqtxuxbenc', 'True');
insert into sub_record values('lhlkdywa', 'rqtxuxbenc', 'True');
insert into sub_record values('ojwbbhsi', 'rqtxuxbenc', 'True');
insert into sub_record values('yclkteot', 'rqtxuxbenc', 'False');
insert into sub_record values('gzcxhmkl', 'rqtxuxbenc', 'True');
insert into sub_record values('xinrrkdq', 'rqtxuxbenc', 'True');
insert into sub_record values('jojxjeal', 'rqtxuxbenc', 'False');
insert into sub_record values('cbjplrwl', 'rqtxuxbenc', 'True');
insert into sub_record values('gxilhvum', 'rqtxuxbenc', 'False');
insert into sub_record values('mxyvihpg', 'rqtxuxbenc', 'False');
insert into sub_record values('ickrnpkr', 'rqtxuxbenc', 'False');
insert into sub_record values('chsaccnr', 'rqtxuxbenc', 'True');
insert into sub_record values('wagnxhgb', 'rqtxuxbenc', 'True');
insert into sub_record values('xjkjuqon', 'rqtxuxbenc', 'False');
insert into sub_record values('ckvmcvvc', 'rqtxuxbenc', 'True');
insert into sub_record values('urncgmhk', 'rqtxuxbenc', 'True');
insert into sub_record values('roplvnyz', 'rqtxuxbenc', 'True');
insert into sub_record values('dpnveoru', 'rqtxuxbenc', 'False');
insert into sub_record values('tfkndcac', 'rqtxuxbenc', 'False');
insert into sub_record values('ectunrwy', 'rqtxuxbenc', 'True');
insert into sub_record values('qnpaapga', 'rqtxuxbenc', 'True');
insert into sub_record values('qcvemcyi', 'rqtxuxbenc', 'False');
insert into sub_record values('imqsstwy', 'rqtxuxbenc', 'False');
insert into sub_record values('hqwhhijb', 'rqtxuxbenc', 'True');
insert into sub_record values('tjenzhdz', 'rqtxuxbenc', 'True');
insert into sub_record values('etvdiamy', 'rqtxuxbenc', 'False');
insert into sub_record values('nyjtzohv', 'rqtxuxbenc', 'False');
insert into sub_record values('mqfaakmt', 'rqtxuxbenc', 'False');
insert into sub_record values('icldyeuv', 'rqtxuxbenc', 'True');
insert into sub_record values('wjvpghjx', 'rqtxuxbenc', 'True');
insert into sub_record values('umliicqv', 'rqtxuxbenc', 'False');
insert into sub_record values('zwidsjum', 'rqtxuxbenc', 'False');
insert into sub_record values('xhtjftjx', 'rqtxuxbenc', 'False');
insert into sub_record values('grtkcdqp', 'rqtxuxbenc', 'True');
insert into sub_record values('lrxphfyq', 'rqtxuxbenc', 'True');
insert into sub_record values('rrwrekry', 'rqtxuxbenc', 'True');
insert into sub_record values('jyvkouyy', 'rqtxuxbenc', 'True');
insert into sub_record values('jdkunzat', 'rqtxuxbenc', 'True');
insert into sub_record values('tiugmcnj', 'rqtxuxbenc', 'False');
insert into sub_record values('shbwtbdr', 'rqtxuxbenc', 'True');
insert into sub_record values('tzmocwuh', 'rqtxuxbenc', 'False');
insert into sub_record values('ybldepqh', 'rqtxuxbenc', 'True');
insert into sub_record values('xinwmtlj', 'rqtxuxbenc', 'False');
insert into sub_record values('euwvwzoh', 'rqtxuxbenc', 'False');
insert into sub_record values('cvoitezu', 'rqtxuxbenc', 'False');
insert into sub_record values('iqfboupq', 'rqtxuxbenc', 'True');
insert into sub_record values('atvjytcq', 'rqtxuxbenc', 'True');
insert into sub_record values('hihnjtic', 'rqtxuxbenc', 'True');
insert into sub_record values('zfxtkfeg', 'rqtxuxbenc', 'False');
insert into sub_record values('dkgkdcay', 'rqtxuxbenc', 'True');
insert into sub_record values('phuouuyt', 'rqtxuxbenc', 'False');
insert into sub_record values('fgsdgoew', 'rqtxuxbenc', 'False');
insert into sub_record values('ksdnxvno', 'rqtxuxbenc', 'True');
insert into sub_record values('epjeffvg', 'rqtxuxbenc', 'False');
insert into sub_record values('kmpvjsto', 'rqtxuxbenc', 'True');
insert into sub_record values('xkvsuenn', 'rqtxuxbenc', 'True');
insert into sub_record values('aozicabu', 'rqtxuxbenc', 'False');
insert into sub_record values('hvfctjsb', 'rqtxuxbenc', 'False');
insert into sub_record values('rpuhwdee', 'rqtxuxbenc', 'True');
insert into sub_record values('yehugboo', 'rqtxuxbenc', 'True');
insert into sub_record values('wtnljsii', 'rqtxuxbenc', 'True');
insert into sub_record values('fruiurlw', 'rqtxuxbenc', 'True');
insert into sub_record values('aihyobdb', 'rqtxuxbenc', 'True');
insert into sub_record values('ffuttjfy', 'rqtxuxbenc', 'True');
insert into sub_record values('kziqfomt', 'rqtxuxbenc', 'True');
insert into sub_record values('ydxtengq', 'rqtxuxbenc', 'False');
insert into sub_record values('sbtcndcy', 'rqtxuxbenc', 'True');
insert into sub_record values('evdqhogm', 'rqtxuxbenc', 'False');
insert into sub_record values('wyrxyimb', 'rqtxuxbenc', 'False');
insert into sub_record values('nughjyru', 'rqtxuxbenc', 'True');
insert into sub_record values('auhsybbm', 'rqtxuxbenc', 'True');
insert into sub_record values('hsdxzlhf', 'rqtxuxbenc', 'True');
insert into sub_record values('dzhwoguu', 'rqtxuxbenc', 'False');
insert into sub_record values('llnzoizs', 'rqtxuxbenc', 'False');
insert into sub_record values('zeuenvcv', 'rqtxuxbenc', 'False');
insert into sub_record values('owayiphx', 'rqtxuxbenc', 'False');
insert into sub_record values('jsonpvbg', 'rqtxuxbenc', 'False');
insert into sub_record values('imueetsq', 'rqtxuxbenc', 'False');
insert into sub_record values('nktuuxgd', 'rqtxuxbenc', 'True');
insert into sub_record values('oawqkgit', 'rqtxuxbenc', 'True');
insert into sub_record values('rdopenfl', 'rqtxuxbenc', 'False');
insert into sub_record values('eowxycvq', 'rqtxuxbenc', 'False');
insert into sub_record values('avltgnyf', 'rqtxuxbenc', 'True');
insert into sub_record values('cubvwucc', 'rqtxuxbenc', 'True');
insert into sub_record values('ntqpxjdg', 'rqtxuxbenc', 'True');
insert into sub_record values('mlqhwryx', 'rqtxuxbenc', 'False');
insert into sub_record values('leranczd', 'rqtxuxbenc', 'True');
insert into sub_record values('jcqmpcom', 'rqtxuxbenc', 'False');
insert into sub_record values('ukpjnbdx', 'rqtxuxbenc', 'True');
insert into sub_record values('fxkxmwkz', 'rqtxuxbenc', 'False');
insert into sub_record values('kkucnegp', 'rqtxuxbenc', 'True');
insert into sub_record values('zjjtcqmo', 'rqtxuxbenc', 'False');
insert into sub_record values('fhkabhoa', 'rqtxuxbenc', 'False');
insert into sub_record values('nlaijkoa', 'rqtxuxbenc', 'True');
insert into sub_record values('kozuqccs', 'rqtxuxbenc', 'False');
insert into sub_record values('uekdvgcv', 'rqtxuxbenc', 'False');
insert into sub_record values('mgxcvxrh', 'rqtxuxbenc', 'True');
insert into sub_record values('ixfxcrbs', 'rqtxuxbenc', 'True');
insert into sub_record values('rvcwhdtr', 'rqtxuxbenc', 'False');
insert into sub_record values('bcriqwtf', 'rqtxuxbenc', 'True');
insert into sub_record values('ykgoipfb', 'rqtxuxbenc', 'True');
insert into sub_record values('ljmxunqz', 'rqtxuxbenc', 'True');
insert into sub_record values('kcvptqhi', 'rqtxuxbenc', 'True');
insert into sub_record values('yfhlmyzh', 'rqtxuxbenc', 'True');
insert into sub_record values('vhgrzsqd', 'rqtxuxbenc', 'False');
insert into sub_record values('ovbormka', 'rqtxuxbenc', 'False');
insert into sub_record values('bmenapqr', 'rqtxuxbenc', 'True');
insert into sub_record values('crrbuhui', 'rqtxuxbenc', 'True');
insert into sub_record values('abdjmnip', 'rqtxuxbenc', 'False');
insert into sub_record values('mnepwtcj', 'rqtxuxbenc', 'False');
insert into sub_record values('oskyzqpw', 'rqtxuxbenc', 'True');
insert into sub_record values('csmgordj', 'rqtxuxbenc', 'False');
insert into sub_record values('aiwxngot', 'rqtxuxbenc', 'True');
insert into sub_record values('nokixbkt', 'rqtxuxbenc', 'False');
insert into sub_record values('xlzdonix', 'rqtxuxbenc', 'True');
insert into sub_record values('ypnkagua', 'rqtxuxbenc', 'True');
insert into sub_record values('jijponsn', 'rqtxuxbenc', 'True');
insert into sub_record values('zlxsywlf', 'rqtxuxbenc', 'True');
insert into sub_record values('yhzmqamg', 'rqtxuxbenc', 'True');
insert into sub_record values('huvkxpyu', 'rqtxuxbenc', 'True');
insert into sub_record values('fkwglcpx', 'rqtxuxbenc', 'True');
insert into sub_record values('kawgioth', 'rqtxuxbenc', 'True');
insert into sub_record values('dnbnavrw', 'rqtxuxbenc', 'False');
insert into sub_record values('vsvuleii', 'rqtxuxbenc', 'True');
insert into sub_record values('gbtuunyb', 'rqtxuxbenc', 'False');
insert into sub_record values('djvdybwy', 'rqtxuxbenc', 'True');
insert into sub_record values('cymnmabe', 'rqtxuxbenc', 'False');
insert into sub_record values('zwhateqd', 'rqtxuxbenc', 'True');
insert into sub_record values('sbwtxjpk', 'rqtxuxbenc', 'True');
insert into sub_record values('isqifobx', 'rqtxuxbenc', 'False');
insert into sub_record values('svslyskh', 'rqtxuxbenc', 'True');
insert into sub_record values('ubbqxcff', 'rqtxuxbenc', 'True');
insert into sub_record values('mlnkyzqn', 'rqtxuxbenc', 'False');
insert into sub_record values('osdadqmv', 'rqtxuxbenc', 'True');
insert into sub_record values('dhaekmcx', 'rqtxuxbenc', 'True');
insert into sub_record values('bekkqlin', 'rqtxuxbenc', 'False');
insert into sub_record values('vccxempz', 'rqtxuxbenc', 'False');
insert into sub_record values('zllgvhsv', 'rqtxuxbenc', 'False');
insert into sub_record values('ohxpyucm', 'rqtxuxbenc', 'True');
insert into sub_record values('nveskukf', 'rqtxuxbenc', 'True');
insert into sub_record values('mbqiecxs', 'rqtxuxbenc', 'False');
insert into sub_record values('noxtsilr', 'rqtxuxbenc', 'True');
insert into sub_record values('kynauayd', 'rqtxuxbenc', 'True');
insert into sub_record values('sbwtxjpk', 'acmzxvh9ia', 'False');
insert into sub_record values('sntvwing', 'acmzxvh9ia', 'True');
insert into sub_record values('lgatgkxa', 'acmzxvh9ia', 'True');
insert into sub_record values('kfqbavan', 'acmzxvh9ia', 'True');
insert into sub_record values('tzmocwuh', 'acmzxvh9ia', 'False');
insert into sub_record values('mlyjjrhc', 'acmzxvh9ia', 'True');
insert into sub_record values('otikuana', 'acmzxvh9ia', 'False');
insert into sub_record values('sdesthlg', 'acmzxvh9ia', 'True');
insert into sub_record values('oskyzqpw', 'acmzxvh9ia', 'True');
insert into sub_record values('wtnljsii', 'acmzxvh9ia', 'True');
insert into sub_record values('eowxycvq', 'acmzxvh9ia', 'True');
insert into sub_record values('xthzahcg', 'acmzxvh9ia', 'False');
insert into sub_record values('nlaijkoa', 'acmzxvh9ia', 'False');
insert into sub_record values('xkvsuenn', 'acmzxvh9ia', 'True');
insert into sub_record values('ubbqxcff', 'acmzxvh9ia', 'False');
insert into sub_record values('tiugmcnj', 'acmzxvh9ia', 'True');
insert into sub_record values('dnbnavrw', 'acmzxvh9ia', 'False');
insert into sub_record values('qmtdhsyo', 'acmzxvh9ia', 'True');
insert into sub_record values('qcvemcyi', 'acmzxvh9ia', 'True');
insert into sub_record values('xjkjuqon', 'acmzxvh9ia', 'True');
insert into sub_record values('osdadqmv', 'acmzxvh9ia', 'False');
insert into sub_record values('gzcxhmkl', 'acmzxvh9ia', 'False');
insert into sub_record values('mgxcvxrh', 'acmzxvh9ia', 'False');
insert into sub_record values('jijponsn', 'acmzxvh9ia', 'False');
insert into sub_record values('vsvuleii', 'acmzxvh9ia', 'False');
insert into sub_record values('fgsdgoew', 'acmzxvh9ia', 'True');
insert into sub_record values('iqfboupq', 'acmzxvh9ia', 'False');
insert into sub_record values('gljyktzr', 'acmzxvh9ia', 'True');
insert into sub_record values('isqifobx', 'acmzxvh9ia', 'False');
insert into sub_record values('pgfuzqsy', 'acmzxvh9ia', 'False');
insert into sub_record values('qiksmfos', 'acmzxvh9ia', 'True');
insert into sub_record values('hvfctjsb', 'acmzxvh9ia', 'False');
insert into sub_record values('mbqiecxs', 'acmzxvh9ia', 'True');
insert into sub_record values('owtbgzvo', 'acmzxvh9ia', 'True');
insert into sub_record values('ectunrwy', 'acmzxvh9ia', 'True');
insert into sub_record values('leranczd', 'acmzxvh9ia', 'True');
insert into sub_record values('vixrtqfl', 'acmzxvh9ia', 'True');
insert into sub_record values('fscgrnia', 'acmzxvh9ia', 'False');
insert into sub_record values('nokixbkt', 'acmzxvh9ia', 'True');
insert into sub_record values('kkucnegp', 'acmzxvh9ia', 'False');
insert into sub_record values('fkwglcpx', 'acmzxvh9ia', 'False');
insert into sub_record values('xinrrkdq', 'acmzxvh9ia', 'False');
insert into sub_record values('sbtcndcy', 'acmzxvh9ia', 'True');
insert into sub_record values('ukpjnbdx', 'acmzxvh9ia', 'True');
insert into sub_record values('yhzmqamg', 'acmzxvh9ia', 'False');
insert into sub_record values('pupufrjp', 'acmzxvh9ia', 'True');
insert into sub_record values('cymnmabe', 'acmzxvh9ia', 'True');
insert into sub_record values('bekkqlin', 'acmzxvh9ia', 'False');
insert into sub_record values('rvcwhdtr', 'acmzxvh9ia', 'False');
insert into sub_record values('hsdxzlhf', 'acmzxvh9ia', 'True');
insert into sub_record values('phuouuyt', 'acmzxvh9ia', 'False');
insert into sub_record values('yclkteot', 'acmzxvh9ia', 'True');
insert into sub_record values('dhaekmcx', 'acmzxvh9ia', 'True');
insert into sub_record values('ckvmcvvc', 'acmzxvh9ia', 'True');
insert into sub_record values('tfkndcac', 'acmzxvh9ia', 'True');
insert into sub_record values('roplvnyz', 'acmzxvh9ia', 'True');
insert into sub_record values('kziqfomt', 'acmzxvh9ia', 'False');
insert into sub_record values('zeuenvcv', 'acmzxvh9ia', 'True');
insert into sub_record values('rkpdxvbu', 'acmzxvh9ia', 'True');
insert into sub_record values('qzxuoohd', 'acmzxvh9ia', 'True');
insert into sub_record values('gbtuunyb', 'acmzxvh9ia', 'False');
insert into sub_record values('wyrxyimb', 'acmzxvh9ia', 'True');
insert into sub_record values('aihyobdb', 'acmzxvh9ia', 'True');
insert into sub_record values('xsxscpmg', 'acmzxvh9ia', 'False');
insert into sub_record values('fruiurlw', 'acmzxvh9ia', 'False');
insert into sub_record values('icldyeuv', 'acmzxvh9ia', 'True');
insert into sub_record values('urncgmhk', 'acmzxvh9ia', 'True');
insert into sub_record values('dlvussyi', 'acmzxvh9ia', 'True');
insert into sub_record values('zwidsjum', 'acmzxvh9ia', 'True');
insert into sub_record values('ombapidj', 'acmzxvh9ia', 'True');
insert into sub_record values('umliicqv', 'acmzxvh9ia', 'False');
insert into sub_record values('qekrljqv', 'acmzxvh9ia', 'False');
insert into sub_record values('ilfltadm', 'acmzxvh9ia', 'False');
insert into sub_record values('ntqpxjdg', 'acmzxvh9ia', 'True');
insert into sub_record values('eaeadbgz', 'acmzxvh9ia', 'True');
insert into sub_record values('svslyskh', 'acmzxvh9ia', 'True');
insert into sub_record values('mqfaakmt', 'acmzxvh9ia', 'False');
insert into sub_record values('xinwmtlj', 'acmzxvh9ia', 'True');
insert into sub_record values('xhtjftjx', 'acmzxvh9ia', 'True');
insert into sub_record values('kcvptqhi', 'acmzxvh9ia', 'False');
insert into sub_record values('yulqgqzf', 'acmzxvh9ia', 'False');
insert into sub_record values('rdopenfl', 'acmzxvh9ia', 'False');
insert into sub_record values('hqwhhijb', 'acmzxvh9ia', 'True');
insert into sub_record values('kmpvjsto', 'acmzxvh9ia', 'False');
insert into sub_record values('hihnjtic', 'acmzxvh9ia', 'False');
insert into sub_record values('grtkcdqp', 'acmzxvh9ia', 'True');
insert into sub_record values('evdqhogm', 'acmzxvh9ia', 'False');
insert into sub_record values('mxyvihpg', 'acmzxvh9ia', 'True');
insert into sub_record values('bmenapqr', 'acmzxvh9ia', 'True');
insert into sub_record values('ewgpifha', 'acmzxvh9ia', 'True');
insert into sub_record values('rbmuiiya', 'acmzxvh9ia', 'True');
insert into sub_record values('hnlgodqa', 'acmzxvh9ia', 'True');
insert into sub_record values('zwhateqd', 'acmzxvh9ia', 'True');
insert into sub_record values('atvjytcq', 'acmzxvh9ia', 'True');
insert into sub_record values('aozicabu', 'acmzxvh9ia', 'True');
insert into sub_record values('ztbuxzrv', 'acmzxvh9ia', 'True');
insert into sub_record values('cbjplrwl', 'acmzxvh9ia', 'False');
insert into sub_record values('llnzoizs', 'acmzxvh9ia', 'False');
insert into sub_record values('mnepwtcj', 'acmzxvh9ia', 'True');
insert into sub_record values('nughjyru', 'acmzxvh9ia', 'False');
insert into sub_record values('dpnveoru', 'acmzxvh9ia', 'True');
insert into sub_record values('kawgioth', 'acmzxvh9ia', 'True');
insert into sub_record values('aiwxngot', 'acmzxvh9ia', 'False');
insert into sub_record values('dzhwoguu', 'acmzxvh9ia', 'False');
insert into sub_record values('nveskukf', 'acmzxvh9ia', 'False');
insert into sub_record values('kuyeqkiu', 'acmzxvh9ia', 'False');
insert into sub_record values('sghehtsu', 'acmzxvh9ia', 'True');
insert into sub_record values('mdpihdxf', 'acmzxvh9ia', 'True');
insert into sub_record values('ohxpyucm', 'acmzxvh9ia', 'True');
insert into sub_record values('xvjojjby', 'acmzxvh9ia', 'True');
insert into sub_record values('jcqmpcom', 'acmzxvh9ia', 'True');
insert into sub_record values('qwxxixyn', 'acmzxvh9ia', 'True');
insert into sub_record values('ndzzjbbf', 'acmzxvh9ia', 'True');
insert into sub_record values('gxilhvum', 'acmzxvh9ia', 'True');
insert into sub_record values('noxtsilr', 'acmzxvh9ia', 'True');
insert into sub_record values('ztyxtovx', 'acmzxvh9ia', 'True');
insert into sub_record values('yfhlmyzh', 'acmzxvh9ia', 'False');
insert into sub_record values('oyotfrpp', 'acmzxvh9ia', 'False');
insert into sub_record values('zucawqbr', 'acmzxvh9ia', 'False');
insert into sub_record values('ixfxcrbs', 'acmzxvh9ia', 'True');
insert into sub_record values('ukezjvlj', 'acmzxvh9ia', 'False');
insert into sub_record values('zjjtcqmo', 'acmzxvh9ia', 'False');
insert into sub_record values('xvxamyhb', 'acmzxvh9ia', 'True');
insert into sub_record values('jdkunzat', 'acmzxvh9ia', 'True');
insert into sub_record values('ovbormka', 'acmzxvh9ia', 'True');
insert into sub_record values('dpmdjwwh', 'acmzxvh9ia', 'True');
insert into sub_record values('ypnkagua', 'acmzxvh9ia', 'False');
insert into sub_record values('cvoitezu', 'acmzxvh9ia', 'False');
insert into sub_record values('kozuqccs', 'acmzxvh9ia', 'False');
insert into sub_record values('ahnodcqt', 'acmzxvh9ia', 'False');
insert into sub_record values('lhlkdywa', 'acmzxvh9ia', 'False');
insert into sub_record values('ybldepqh', 'acmzxvh9ia', 'False');
insert into sub_record values('kynauayd', 'acmzxvh9ia', 'False');
insert into sub_record values('mlnkyzqn', 'acmzxvh9ia', 'False');
insert into sub_record values('jojxjeal', 'acmzxvh9ia', 'True');
insert into sub_record values('umnalron', 'acmzxvh9ia', 'False');
insert into sub_record values('oawqkgit', 'acmzxvh9ia', 'True');
insert into sub_record values('jubbpplz', 'acmzxvh9ia', 'False');
insert into sub_record values('imueetsq', 'acmzxvh9ia', 'True');
insert into sub_record values('bqzsffzv', 'acmzxvh9ia', 'False');
insert into sub_record values('rrwrekry', 'acmzxvh9ia', 'True');
insert into sub_record values('owayiphx', 'acmzxvh9ia', 'True');
insert into sub_record values('ffuttjfy', 'acmzxvh9ia', 'False');
insert into sub_record values('dkgkdcay', 'acmzxvh9ia', 'False');
insert into sub_record values('xlzdonix', 'acmzxvh9ia', 'False');
insert into sub_record values('nyjtzohv', 'acmzxvh9ia', 'True');
insert into sub_record values('imqsstwy', 'acmzxvh9ia', 'True');
insert into sub_record values('avltgnyf', 'acmzxvh9ia', 'False');
insert into sub_record values('vccxempz', 'acmzxvh9ia', 'True');
insert into sub_record values('jyvkouyy', 'acmzxvh9ia', 'False');
insert into sub_record values('etvdiamy', 'acmzxvh9ia', 'True');
insert into sub_record values('rdvkeghw', 'acmzxvh9ia', 'True');
insert into sub_record values('abdjmnip', 'acmzxvh9ia', 'False');
insert into sub_record values('crrbuhui', 'acmzxvh9ia', 'True');
insert into sub_record values('cubvwucc', 'acmzxvh9ia', 'True');
insert into sub_record values('cyjwmqcq', 'acmzxvh9ia', 'False');
insert into sub_record values('ykgoipfb', 'acmzxvh9ia', 'False');
insert into sub_record values('auhsybbm', 'acmzxvh9ia', 'True');
insert into sub_record values('jdjjfpqv', 'acmzxvh9ia', 'False');
insert into sub_record values('fxkxmwkz', 'acmzxvh9ia', 'False');
insert into sub_record values('zfxtkfeg', 'acmzxvh9ia', 'False');
insert into sub_record values('uekdvgcv', 'acmzxvh9ia', 'True');
insert into sub_record values('gerbawvo', 'acmzxvh9ia', 'True');
insert into sub_record values('chsaccnr', 'acmzxvh9ia', 'True');
insert into sub_record values('wjvpghjx', 'acmzxvh9ia', 'True');
insert into sub_record values('yehugboo', 'acmzxvh9ia', 'False');
insert into sub_record values('huvkxpyu', 'acmzxvh9ia', 'True');
insert into sub_record values('ojwbbhsi', 'acmzxvh9ia', 'True');
insert into sub_record values('epjeffvg', 'acmzxvh9ia', 'False');
insert into sub_record values('zllgvhsv', 'acmzxvh9ia', 'True');
insert into sub_record values('qnpaapga', 'acmzxvh9ia', 'True');
insert into sub_record values('jsonpvbg', 'acmzxvh9ia', 'True');
insert into sub_record values('awubrnea', 'acmzxvh9ia', 'False');
insert into sub_record values('ickrnpkr', 'acmzxvh9ia', 'True');
insert into sub_record values('fhkabhoa', 'acmzxvh9ia', 'False');
insert into sub_record values('shbwtbdr', 'acmzxvh9ia', 'True');
insert into sub_record values('hvxslgvg', 'acmzxvh9ia', 'False');
insert into sub_record values('wagnxhgb', 'acmzxvh9ia', 'False');
insert into sub_record values('nsgaaroh', 'acmzxvh9ia', 'False');
insert into sub_record values('csmgordj', 'acmzxvh9ia', 'False');
insert into sub_record values('bcriqwtf', 'acmzxvh9ia', 'True');
insert into sub_record values('mlqhwryx', 'acmzxvh9ia', 'False');
insert into sub_record values('ydxtengq', 'acmzxvh9ia', 'True');
insert into sub_record values('lrxphfyq', 'acmzxvh9ia', 'True');
insert into sub_record values('bqsrtqkb', 'acmzxvh9ia', 'False');
insert into sub_record values('djvdybwy', 'acmzxvh9ia', 'False');
insert into sub_record values('ukpjnbdx', 'qeirgudfna', 'True');
insert into sub_record values('xinrrkdq', 'qeirgudfna', 'True');
insert into sub_record values('chsaccnr', 'qeirgudfna', 'True');
insert into sub_record values('yhzmqamg', 'qeirgudfna', 'True');
insert into sub_record values('kkucnegp', 'qeirgudfna', 'True');
insert into sub_record values('nyjtzohv', 'qeirgudfna', 'True');
insert into sub_record values('cubvwucc', 'qeirgudfna', 'True');
insert into sub_record values('jijponsn', 'qeirgudfna', 'True');
insert into sub_record values('ffuttjfy', 'qeirgudfna', 'True');
insert into sub_record values('kmpvjsto', 'qeirgudfna', 'False');
insert into sub_record values('mnepwtcj', 'qeirgudfna', 'True');
insert into sub_record values('mlyjjrhc', 'qeirgudfna', 'True');
insert into sub_record values('djvdybwy', 'qeirgudfna', 'True');
insert into sub_record values('kawgioth', 'qeirgudfna', 'True');
insert into sub_record values('xhtjftjx', 'qeirgudfna', 'True');
insert into sub_record values('bqsrtqkb', 'qeirgudfna', 'True');
insert into sub_record values('auhsybbm', 'qeirgudfna', 'True');
insert into sub_record values('mqfaakmt', 'qeirgudfna', 'True');
insert into sub_record values('umliicqv', 'qeirgudfna', 'False');
insert into sub_record values('ztbuxzrv', 'qeirgudfna', 'True');
insert into sub_record values('aiwxngot', 'qeirgudfna', 'False');
insert into sub_record values('rpuhwdee', 'qeirgudfna', 'False');
insert into sub_record values('euwvwzoh', 'qeirgudfna', 'True');
insert into sub_record values('svslyskh', 'qeirgudfna', 'True');
insert into sub_record values('hvxslgvg', 'qeirgudfna', 'True');
insert into sub_record values('gljyktzr', 'qeirgudfna', 'True');
insert into sub_record values('bekkqlin', 'qeirgudfna', 'True');
insert into sub_record values('gerbawvo', 'qeirgudfna', 'False');
insert into sub_record values('rvcwhdtr', 'qeirgudfna', 'False');
insert into sub_record values('ahnodcqt', 'qeirgudfna', 'True');
insert into sub_record values('ksdnxvno', 'qeirgudfna', 'False');
insert into sub_record values('pgfuzqsy', 'qeirgudfna', 'True');
insert into sub_record values('atvjytcq', 'qeirgudfna', 'True');
insert into sub_record values('dzhwoguu', 'qeirgudfna', 'True');
insert into sub_record values('vccxempz', 'qeirgudfna', 'True');
insert into sub_record values('tfkndcac', 'qeirgudfna', 'True');
insert into sub_record values('nokixbkt', 'qeirgudfna', 'True');
insert into sub_record values('sghehtsu', 'qeirgudfna', 'False');
insert into sub_record values('urncgmhk', 'qeirgudfna', 'True');
insert into sub_record values('jyvkouyy', 'qeirgudfna', 'True');
insert into sub_record values('ybldepqh', 'qeirgudfna', 'True');
insert into sub_record values('ykgoipfb', 'qeirgudfna', 'False');
insert into sub_record values('phuouuyt', 'qeirgudfna', 'False');
insert into sub_record values('jcqmpcom', 'qeirgudfna', 'False');
insert into sub_record values('kcvptqhi', 'qeirgudfna', 'True');
insert into sub_record values('aozicabu', 'qeirgudfna', 'False');
insert into sub_record values('evdqhogm', 'qeirgudfna', 'True');
insert into sub_record values('qzxuoohd', 'qeirgudfna', 'False');
insert into sub_record values('dpnveoru', 'qeirgudfna', 'True');
insert into sub_record values('vsvuleii', 'qeirgudfna', 'True');
insert into sub_record values('zlxsywlf', 'qeirgudfna', 'False');
insert into sub_record values('wjbiygmw', 'qeirgudfna', 'True');
insert into sub_record values('qiksmfos', 'qeirgudfna', 'True');
insert into sub_record values('vhgrzsqd', 'qeirgudfna', 'True');
insert into sub_record values('hqwhhijb', 'qeirgudfna', 'True');
insert into sub_record values('nlaijkoa', 'qeirgudfna', 'True');
insert into sub_record values('umnalron', 'qeirgudfna', 'True');
insert into sub_record values('oawqkgit', 'qeirgudfna', 'True');
insert into sub_record values('jdjjfpqv', 'qeirgudfna', 'True');
insert into sub_record values('ckvmcvvc', 'qeirgudfna', 'True');
insert into sub_record values('xinwmtlj', 'qeirgudfna', 'True');
insert into sub_record values('fruiurlw', 'qeirgudfna', 'True');
insert into sub_record values('grtkcdqp', 'qeirgudfna', 'True');
insert into sub_record values('lhlkdywa', 'qeirgudfna', 'True');
insert into sub_record values('zucawqbr', 'qeirgudfna', 'True');
insert into sub_record values('ilfltadm', 'qeirgudfna', 'True');
insert into sub_record values('ljmxunqz', 'qeirgudfna', 'True');
insert into sub_record values('dpmdjwwh', 'qeirgudfna', 'True');
insert into sub_record values('xsxscpmg', 'qeirgudfna', 'True');
insert into sub_record values('cyjwmqcq', 'qeirgudfna', 'True');
insert into sub_record values('hnlgodqa', 'qeirgudfna', 'True');
insert into sub_record values('jsonpvbg', 'qeirgudfna', 'True');
insert into sub_record values('huvkxpyu', 'qeirgudfna', 'False');
insert into sub_record values('zfxtkfeg', 'qeirgudfna', 'True');
insert into sub_record values('hihnjtic', 'qeirgudfna', 'False');
insert into sub_record values('pupufrjp', 'qeirgudfna', 'True');
insert into sub_record values('cbjplrwl', 'qeirgudfna', 'True');
insert into sub_record values('hsdxzlhf', 'qeirgudfna', 'True');
insert into sub_record values('imueetsq', 'qeirgudfna', 'False');
insert into sub_record values('rbmuiiya', 'qeirgudfna', 'True');
insert into sub_record values('yrpfejom', 'qeirgudfna', 'False');
insert into sub_record values('aihyobdb', 'qeirgudfna', 'True');
insert into sub_record values('hvfctjsb', 'qeirgudfna', 'True');
insert into sub_record values('mgxcvxrh', 'qeirgudfna', 'True');
insert into sub_record values('fhkabhoa', 'qeirgudfna', 'True');
insert into sub_record values('jubbpplz', 'qeirgudfna', 'True');
insert into sub_record values('wyrxyimb', 'qeirgudfna', 'True');
insert into sub_record values('dhaekmcx', 'qeirgudfna', 'True');
insert into sub_record values('leranczd', 'qeirgudfna', 'True');
insert into sub_record values('jojxjeal', 'qeirgudfna', 'True');
insert into sub_record values('mlqhwryx', 'qeirgudfna', 'True');
insert into sub_record values('zllgvhsv', 'qeirgudfna', 'True');
insert into sub_record values('nsgaaroh', 'qeirgudfna', 'True');
insert into sub_record values('ewgpifha', 'qeirgudfna', 'False');
insert into sub_record values('kziqfomt', 'qeirgudfna', 'True');
insert into sub_record values('qmtdhsyo', 'qeirgudfna', 'True');
insert into sub_record values('ohxpyucm', 'qeirgudfna', 'True');
insert into sub_record values('jdkunzat', 'qeirgudfna', 'True');
insert into sub_record values('llnzoizs', 'qeirgudfna', 'False');
insert into sub_record values('vixrtqfl', 'qeirgudfna', 'True');
insert into sub_record values('ztyxtovx', 'qeirgudfna', 'True');
insert into sub_record values('gzcxhmkl', 'qeirgudfna', 'True');
insert into sub_record values('wjvpghjx', 'qeirgudfna', 'False');
insert into sub_record values('osdadqmv', 'qeirgudfna', 'False');
insert into sub_record values('qcvemcyi', 'qeirgudfna', 'True');
insert into sub_record values('dlvussyi', 'qeirgudfna', 'False');
insert into sub_record values('lrxphfyq', 'qeirgudfna', 'True');
insert into sub_record values('owayiphx', 'qeirgudfna', 'False');
insert into sub_record values('cvoitezu', 'qeirgudfna', 'False');
insert into sub_record values('zeuenvcv', 'qeirgudfna', 'True');
insert into sub_record values('tzmocwuh', 'qeirgudfna', 'True');
insert into sub_record values('ydxtengq', 'qeirgudfna', 'True');
insert into sub_record values('mxyvihpg', 'qeirgudfna', 'True');
insert into sub_record values('sbwtxjpk', 'qeirgudfna', 'True');
insert into sub_record values('ndzzjbbf', 'qeirgudfna', 'True');
insert into sub_record values('ixfxcrbs', 'qeirgudfna', 'True');
insert into sub_record values('avltgnyf', 'qeirgudfna', 'True');
insert into sub_record values('ubbqxcff', 'qeirgudfna', 'True');
insert into sub_record values('yehugboo', 'qeirgudfna', 'False');
insert into sub_record values('zwhateqd', 'qeirgudfna', 'True');
insert into sub_record values('cymnmabe', 'qeirgudfna', 'True');
insert into sub_record values('sbtcndcy', 'qeirgudfna', 'True');
insert into sub_record values('rearfwly', 'qeirgudfna', 'True');
insert into sub_record values('rkpdxvbu', 'qeirgudfna', 'True');
insert into sub_record values('qwxxixyn', 'qeirgudfna', 'True');
insert into sub_record values('roplvnyz', 'qeirgudfna', 'False');
insert into sub_record values('xjkjuqon', 'qeirgudfna', 'True');
insert into sub_record values('rdvkeghw', 'qeirgudfna', 'True');
insert into sub_record values('csmgordj', 'qeirgudfna', 'True');
insert into sub_record values('wtnljsii', 'qeirgudfna', 'True');
insert into sub_record values('fgsdgoew', 'qeirgudfna', 'True');

--------------------- finish insert into sub_record-----------------
select account.owner_name,account.email,channel.channel_name,channel.total_sub

from (select s1.channel_id,count(s1.subscriber_id) as cnt
       from (select subscriber_id,channel_id  --s1 is used to choose each channel's paid subscriber
              from sub_record
              where is_paid ) as s1 --make sure only the paid subscriber will be chosen
              group by s1.channel_id ) as s2,channel,account--s2 is used to count each channel's paid subscriber
              -- s1 is 

where channel.channel_id=s2.channel_id and--join s2's result with channel
       channel.creation_date='2023-01-01' and--make sure only the channel with creation date on 2023-01-01 is chosen
       s2.cnt>100 and--make sure only the channel with more than 100 paid subscriber is chosen
       channel.owner_user_id=account.owner_user_id--join channel with account to get channel owner's information 
              


